PassengerId,Survived,Pclass,Name,Gender,Age,SibSp,Parch,Ticket,Fare,Cabin,Embarked
1,0,3,John Doe,female,69,4,4,A/5 21171,74.70990107228684,C85,Q
2,1,2,John Doe,male,54,3,0,A/5 21171,17.918434106873843,C85,S
3,0,2,John Doe,male,79,3,0,A/5 21171,74.02618300109951,C85,S
4,0,2,John Doe,female,67,0,4,A/5 21171,45.805186392224705,C85,S
5,1,2,John Doe,male,15,2,2,A/5 21171,60.186771288859454,C85,C
6,1,1,John Doe,female,63,3,0,A/5 21171,53.23714100982843,C85,S
7,1,2,John Doe,male,24,4,4,A/5 21171,21.026096716382924,C85,C
8,1,2,John Doe,male,64,0,0,A/5 21171,50.647390184457535,C85,S
9,1,3,John Doe,female,67,0,0,A/5 21171,97.6351062954256,C85,S
10,0,2,John Doe,female,61,4,3,A/5 21171,20.823126980038964,C85,Q
11,1,1,John Doe,male,59,3,3,A/5 21171,90.7474549495665,C85,C
12,0,1,John Doe,male,4,1,2,A/5 21171,68.9463377610934,C85,S
13,0,1,John Doe,female,36,3,0,A/5 21171,75.87709302778198,C85,Q
14,0,3,John Doe,male,48,4,2,A/5 21171,32.27187848944199,C85,S
15,1,3,John Doe,male,74,3,4,A/5 21171,91.19436092920644,C85,Q
16,0,1,John Doe,female,2,3,2,A/5 21171,30.782123785427604,C85,C
17,0,3,John Doe,male,30,0,2,A/5 21171,39.23110248254056,C85,S
18,0,3,John Doe,male,27,4,1,A/5 21171,33.53877950628785,C85,S
19,1,2,John Doe,male,77,3,0,A/5 21171,73.52278018887716,C85,Q
20,0,1,John Doe,female,44,3,2,A/5 21171,75.70621438849797,C85,S
21,1,2,John Doe,female,50,2,1,A/5 21171,18.330987532956023,C85,Q
22,0,2,John Doe,male,2,0,2,A/5 21171,94.11663369171961,C85,C
23,0,3,John Doe,male,6,4,2,A/5 21171,24.763475670232026,C85,C
24,1,2,John Doe,male,32,4,3,A/5 21171,41.766608878773766,C85,C
25,1,2,John Doe,female,21,2,3,A/5 21171,33.727331606122995,C85,S
26,0,2,John Doe,male,50,0,1,A/5 21171,51.33968427161173,C85,C
27,1,1,John Doe,female,72,0,1,A/5 21171,70.02497344926604,C85,C
28,0,3,John Doe,male,74,3,2,A/5 21171,53.993198537576355,C85,S
29,1,2,John Doe,female,35,3,1,A/5 21171,63.36107393072323,C85,Q
30,1,1,John Doe,female,23,3,4,A/5 21171,62.73505422476296,C85,S
31,1,2,John Doe,male,40,4,0,A/5 21171,68.90347103147323,C85,Q
32,0,2,John Doe,male,39,1,4,A/5 21171,25.54719755897716,C85,C
33,0,3,John Doe,female,12,1,3,A/5 21171,64.4699086992575,C85,C
34,1,2,John Doe,male,9,1,2,A/5 21171,86.45123885112719,C85,C
35,0,1,John Doe,male,66,0,2,A/5 21171,34.76385903682804,C85,C
36,1,1,John Doe,male,42,0,2,A/5 21171,68.41330122290442,C85,Q
37,1,2,John Doe,male,40,2,0,A/5 21171,87.18265714377851,C85,C
38,0,3,John Doe,female,13,2,4,A/5 21171,49.99066421630163,C85,S
39,1,2,John Doe,female,38,1,1,A/5 21171,72.43564369508631,C85,S
40,1,1,John Doe,female,25,1,3,A/5 21171,44.32733301657713,C85,S
41,0,3,John Doe,female,40,1,4,A/5 21171,84.20271086223244,C85,S
42,1,3,John Doe,female,1,2,3,A/5 21171,89.53326954107301,C85,Q
43,0,3,John Doe,male,44,2,4,A/5 21171,42.971376440733835,C85,S
44,0,2,John Doe,female,36,0,0,A/5 21171,83.53702689787463,C85,Q
45,1,1,John Doe,male,6,1,2,A/5 21171,51.161344829614414,C85,S
46,0,2,John Doe,female,71,4,0,A/5 21171,13.740929365019893,C85,C
47,1,3,John Doe,female,25,0,1,A/5 21171,19.34464170798895,C85,C
48,1,2,John Doe,male,58,1,3,A/5 21171,15.77872444160342,C85,Q
49,1,1,John Doe,male,52,4,4,A/5 21171,13.831354953866377,C85,S
50,0,2,John Doe,female,67,2,3,A/5 21171,73.53854617914901,C85,Q
51,1,3,John Doe,female,13,4,0,A/5 21171,32.67819692933803,C85,C
52,0,2,John Doe,female,54,1,3,A/5 21171,14.120639765714387,C85,S
53,0,3,John Doe,female,32,0,0,A/5 21171,61.188469590546326,C85,S
54,1,3,John Doe,female,7,1,4,A/5 21171,60.77327314606764,C85,Q
55,0,3,John Doe,male,30,4,2,A/5 21171,96.83869806079403,C85,C
56,1,1,John Doe,female,21,1,4,A/5 21171,46.52101631948386,C85,C
57,1,3,John Doe,female,13,4,3,A/5 21171,16.253371655832716,C85,Q
58,1,1,John Doe,male,1,4,0,A/5 21171,74.76954816201444,C85,Q
59,1,2,John Doe,female,35,4,0,A/5 21171,16.88739687807029,C85,S
60,0,2,John Doe,female,42,4,4,A/5 21171,53.10875122946075,C85,S
61,1,1,John Doe,female,29,0,3,A/5 21171,10.869457799904163,C85,S
62,0,3,John Doe,male,58,1,3,A/5 21171,66.42463794083329,C85,Q
63,1,2,John Doe,female,51,4,3,A/5 21171,11.321163176300931,C85,C
64,0,2,John Doe,female,40,4,3,A/5 21171,27.501267108198455,C85,S
65,1,2,John Doe,female,24,2,0,A/5 21171,42.4618921370131,C85,Q
66,1,3,John Doe,female,40,4,4,A/5 21171,89.60774351096414,C85,S
67,1,2,John Doe,male,35,3,1,A/5 21171,70.47010436238325,C85,S
68,1,3,John Doe,male,50,4,2,A/5 21171,39.93918108702242,C85,C
69,0,3,John Doe,female,33,3,1,A/5 21171,31.386278337452953,C85,Q
70,1,2,John Doe,female,47,3,2,A/5 21171,62.717781069219505,C85,Q
71,0,3,John Doe,male,66,2,3,A/5 21171,47.7197063620227,C85,C
72,0,3,John Doe,female,47,1,1,A/5 21171,41.629269862965,C85,Q
73,1,1,John Doe,female,57,4,4,A/5 21171,65.82190148944511,C85,S
74,1,1,John Doe,female,46,4,0,A/5 21171,80.17413511914295,C85,S
75,1,1,John Doe,female,6,1,3,A/5 21171,74.10994654832363,C85,Q
76,1,3,John Doe,female,24,2,2,A/5 21171,71.3855106767914,C85,C
77,1,3,John Doe,male,48,3,2,A/5 21171,62.167769333254675,C85,Q
78,0,3,John Doe,male,65,0,2,A/5 21171,75.27180363825529,C85,S
79,1,2,John Doe,male,5,2,3,A/5 21171,98.83205541334354,C85,C
80,0,2,John Doe,male,73,0,1,A/5 21171,54.18215148260794,C85,S
81,1,1,John Doe,male,27,0,3,A/5 21171,88.76047916636026,C85,S
82,0,3,John Doe,male,22,0,3,A/5 21171,67.7919362315275,C85,Q
83,0,2,John Doe,female,33,2,3,A/5 21171,67.77387290714428,C85,C
84,0,1,John Doe,male,34,3,0,A/5 21171,33.47594745420655,C85,S
85,0,1,John Doe,male,78,1,3,A/5 21171,86.5241160833687,C85,S
86,1,1,John Doe,male,11,0,1,A/5 21171,56.89387527789577,C85,S
87,0,1,John Doe,female,42,4,2,A/5 21171,97.88509816734818,C85,Q
88,1,2,John Doe,male,3,3,4,A/5 21171,66.59826833546849,C85,Q
89,0,3,John Doe,female,26,0,4,A/5 21171,14.834672561447048,C85,Q
90,0,1,John Doe,male,9,0,3,A/5 21171,93.80119876156391,C85,C
91,0,3,John Doe,female,35,3,4,A/5 21171,47.02117281484897,C85,C
92,1,2,John Doe,female,76,3,2,A/5 21171,94.0902268236807,C85,S
93,1,2,John Doe,female,14,0,0,A/5 21171,47.55600759031494,C85,Q
94,0,3,John Doe,female,71,3,1,A/5 21171,58.15846602205287,C85,Q
95,0,1,John Doe,male,76,1,0,A/5 21171,10.635028332766776,C85,Q
96,1,1,John Doe,female,41,1,3,A/5 21171,51.6037998662983,C85,Q
97,1,1,John Doe,male,33,4,1,A/5 21171,13.08353231997842,C85,S
98,0,2,John Doe,female,34,2,3,A/5 21171,60.465746701697796,C85,S
99,0,3,John Doe,male,1,2,2,A/5 21171,11.201491556507342,C85,S
100,1,3,John Doe,female,1,1,0,A/5 21171,10.090778762716534,C85,S
101,1,2,John Doe,male,76,1,3,A/5 21171,41.239899624269725,C85,Q
102,1,2,John Doe,male,19,0,2,A/5 21171,33.72869397414158,C85,S
103,0,2,John Doe,female,4,2,3,A/5 21171,33.08162296281499,C85,C
104,1,3,John Doe,female,26,1,3,A/5 21171,43.419153003043974,C85,Q
105,0,3,John Doe,female,44,4,4,A/5 21171,75.24333110170386,C85,Q
106,1,2,John Doe,male,35,2,1,A/5 21171,34.90959149433635,C85,Q
107,0,2,John Doe,male,64,4,3,A/5 21171,22.43815772260993,C85,C
108,0,1,John Doe,male,52,2,1,A/5 21171,78.8022157044687,C85,C
109,1,1,John Doe,male,53,0,1,A/5 21171,58.240120851681105,C85,C
110,0,1,John Doe,female,47,3,3,A/5 21171,61.952785733552034,C85,Q
111,1,2,John Doe,male,12,3,2,A/5 21171,71.2317244991584,C85,C
112,0,1,John Doe,male,70,4,3,A/5 21171,67.44742519318167,C85,S
113,1,1,John Doe,male,29,1,3,A/5 21171,49.204352639816015,C85,C
114,0,2,John Doe,female,50,0,4,A/5 21171,21.22695144455937,C85,Q
115,0,2,John Doe,female,56,3,0,A/5 21171,70.13058571732384,C85,Q
116,0,2,John Doe,female,73,2,4,A/5 21171,84.68037705749009,C85,Q
117,0,1,John Doe,male,39,0,2,A/5 21171,74.99064073430193,C85,C
118,1,3,John Doe,female,54,1,0,A/5 21171,60.51802440390895,C85,Q
119,1,1,John Doe,male,10,3,3,A/5 21171,91.0345604818424,C85,C
120,1,3,John Doe,male,50,2,3,A/5 21171,39.51638695424387,C85,Q
121,1,2,John Doe,female,55,3,4,A/5 21171,24.64195222156969,C85,S
122,1,1,John Doe,male,62,0,1,A/5 21171,91.66945534880101,C85,S
123,1,3,John Doe,male,38,3,2,A/5 21171,43.025610044130985,C85,C
124,0,1,John Doe,female,37,0,3,A/5 21171,20.60507859460135,C85,S
125,1,1,John Doe,female,6,3,4,A/5 21171,86.19193766385342,C85,Q
126,1,3,John Doe,male,64,3,1,A/5 21171,23.42479349240861,C85,C
127,0,2,John Doe,male,49,3,0,A/5 21171,26.44312122820569,C85,C
128,1,2,John Doe,female,9,4,0,A/5 21171,44.01268655856638,C85,C
129,0,1,John Doe,female,45,4,2,A/5 21171,43.880014047349036,C85,S
130,0,1,John Doe,male,66,0,3,A/5 21171,94.382990725571,C85,Q
131,1,3,John Doe,male,8,4,1,A/5 21171,56.50091921084372,C85,C
132,1,1,John Doe,male,10,4,2,A/5 21171,58.01275660252065,C85,Q
133,1,1,John Doe,male,6,2,3,A/5 21171,79.31226238793518,C85,Q
134,0,3,John Doe,male,30,4,1,A/5 21171,28.114739647267278,C85,Q
135,1,1,John Doe,male,28,4,3,A/5 21171,58.911581361374196,C85,C
136,1,2,John Doe,male,76,3,4,A/5 21171,25.23355104529378,C85,C
137,0,2,John Doe,female,32,0,4,A/5 21171,43.602912623347194,C85,C
138,0,3,John Doe,female,56,2,0,A/5 21171,61.46520487782097,C85,Q
139,0,3,John Doe,male,55,3,4,A/5 21171,97.26010123996247,C85,C
140,0,1,John Doe,male,27,3,2,A/5 21171,61.54570125562577,C85,Q
141,0,1,John Doe,male,27,4,2,A/5 21171,40.57993881694688,C85,S
142,0,1,John Doe,male,44,0,0,A/5 21171,40.91581076856991,C85,C
143,1,2,John Doe,female,46,0,4,A/5 21171,71.32141311794776,C85,Q
144,1,2,John Doe,female,29,3,1,A/5 21171,93.46767934217023,C85,Q
145,1,1,John Doe,female,72,1,4,A/5 21171,95.17603373424112,C85,Q
146,1,2,John Doe,male,40,2,1,A/5 21171,78.29622137689027,C85,C
147,0,2,John Doe,male,29,1,4,A/5 21171,45.700347590515996,C85,S
148,1,3,John Doe,female,15,1,1,A/5 21171,99.33599857171647,C85,Q
149,1,3,John Doe,female,30,0,4,A/5 21171,70.15048113469528,C85,Q
150,0,3,John Doe,female,25,3,3,A/5 21171,92.54241091586744,C85,C
151,0,1,John Doe,female,1,0,1,A/5 21171,43.95552922817689,C85,S
152,0,3,John Doe,female,72,4,2,A/5 21171,87.26916071189981,C85,Q
153,0,1,John Doe,male,6,0,2,A/5 21171,10.688415518604065,C85,S
154,0,3,John Doe,female,2,3,1,A/5 21171,87.51529045131126,C85,Q
155,1,2,John Doe,female,6,3,4,A/5 21171,45.58132200473679,C85,C
156,1,1,John Doe,male,3,0,4,A/5 21171,55.03851632515147,C85,S
157,0,2,John Doe,female,52,0,0,A/5 21171,55.159170557261135,C85,Q
158,0,3,John Doe,male,14,0,4,A/5 21171,55.89193289729757,C85,C
159,1,1,John Doe,female,33,3,4,A/5 21171,56.50540649084475,C85,C
160,0,2,John Doe,male,44,2,4,A/5 21171,27.014428863683637,C85,S
161,0,1,John Doe,female,16,2,3,A/5 21171,49.429112395293956,C85,C
162,1,2,John Doe,male,19,1,0,A/5 21171,46.65514125125836,C85,C
163,1,1,John Doe,female,4,4,0,A/5 21171,65.139770229714,C85,S
164,1,1,John Doe,male,53,2,4,A/5 21171,43.897052722408816,C85,Q
165,0,2,John Doe,male,68,3,2,A/5 21171,45.091612659676066,C85,Q
166,0,1,John Doe,male,56,4,1,A/5 21171,24.943832698360996,C85,C
167,1,3,John Doe,male,67,0,4,A/5 21171,27.737313291834855,C85,C
168,1,3,John Doe,male,63,1,1,A/5 21171,34.91225431559462,C85,C
169,1,3,John Doe,male,15,4,4,A/5 21171,74.86051566648943,C85,Q
170,1,3,John Doe,male,61,1,3,A/5 21171,15.924756288779163,C85,C
171,1,1,John Doe,female,74,4,4,A/5 21171,28.64359219077309,C85,Q
172,1,1,John Doe,female,60,4,2,A/5 21171,48.84878375456778,C85,C
173,0,3,John Doe,female,12,3,0,A/5 21171,92.4508673347879,C85,C
174,1,1,John Doe,male,68,0,0,A/5 21171,98.80848187606011,C85,Q
175,1,2,John Doe,male,21,2,4,A/5 21171,88.51119292006973,C85,Q
176,1,2,John Doe,female,66,3,3,A/5 21171,46.056812167861416,C85,Q
177,1,1,John Doe,female,23,4,0,A/5 21171,60.64501136435756,C85,Q
178,1,2,John Doe,female,9,2,0,A/5 21171,77.01703060597472,C85,C
179,1,3,John Doe,male,1,1,2,A/5 21171,71.72776339344966,C85,C
180,1,1,John Doe,male,64,2,4,A/5 21171,68.83108847439262,C85,Q
181,1,1,John Doe,female,37,1,4,A/5 21171,12.753337378631713,C85,C
182,0,2,John Doe,male,74,1,4,A/5 21171,97.58515375668897,C85,C
183,0,2,John Doe,female,10,3,2,A/5 21171,83.67894725358755,C85,C
184,0,2,John Doe,male,47,1,1,A/5 21171,25.423623333376007,C85,Q
185,1,3,John Doe,male,13,2,2,A/5 21171,72.3700731259541,C85,C
186,1,3,John Doe,male,51,2,2,A/5 21171,49.55803929228163,C85,S
187,1,1,John Doe,female,18,3,1,A/5 21171,90.20427703859349,C85,C
188,1,2,John Doe,male,58,3,2,A/5 21171,96.71543482936835,C85,S
189,0,2,John Doe,female,53,2,3,A/5 21171,78.08971622586643,C85,Q
190,0,1,John Doe,female,43,1,1,A/5 21171,77.84958406950842,C85,S
191,0,1,John Doe,female,35,1,0,A/5 21171,35.78038434221313,C85,C
192,1,3,John Doe,female,56,4,0,A/5 21171,65.9264618548505,C85,Q
193,0,1,John Doe,male,17,0,2,A/5 21171,18.65132521797287,C85,C
194,0,2,John Doe,male,52,2,1,A/5 21171,57.86135352560373,C85,C
195,0,1,John Doe,female,24,3,3,A/5 21171,80.56018214109113,C85,Q
196,0,2,John Doe,male,26,2,4,A/5 21171,86.2204274546508,C85,C
197,1,2,John Doe,male,32,1,1,A/5 21171,68.24246545806508,C85,C
198,0,2,John Doe,male,35,2,2,A/5 21171,66.04885448836941,C85,Q
199,0,1,John Doe,female,54,2,3,A/5 21171,21.041546605761393,C85,C
200,0,3,John Doe,male,16,1,2,A/5 21171,60.09135140164418,C85,Q
201,0,1,John Doe,female,48,2,1,A/5 21171,13.837574590685769,C85,C
202,1,3,John Doe,male,40,2,0,A/5 21171,96.09661192881707,C85,Q
203,1,3,John Doe,male,69,4,4,A/5 21171,85.61140754040744,C85,Q
204,1,1,John Doe,male,12,3,2,A/5 21171,42.2546151374691,C85,Q
205,1,3,John Doe,female,40,2,3,A/5 21171,28.624884343694692,C85,Q
206,0,2,John Doe,female,36,1,4,A/5 21171,62.14972411685126,C85,S
207,1,3,John Doe,male,43,4,2,A/5 21171,86.22633872819048,C85,S
208,0,1,John Doe,female,50,3,1,A/5 21171,87.42280559706681,C85,Q
209,0,2,John Doe,male,20,3,3,A/5 21171,77.99568129776527,C85,C
210,0,3,John Doe,male,44,4,1,A/5 21171,96.95587777705154,C85,Q
211,0,3,John Doe,female,71,0,2,A/5 21171,18.645961239442883,C85,C
212,1,2,John Doe,male,78,1,4,A/5 21171,88.90066442560352,C85,S
213,1,2,John Doe,female,45,3,2,A/5 21171,91.32523201891013,C85,C
214,1,2,John Doe,male,28,4,0,A/5 21171,78.8297659412801,C85,C
215,0,2,John Doe,female,27,3,0,A/5 21171,63.85757545468353,C85,Q
216,1,1,John Doe,male,73,1,4,A/5 21171,82.06671892606379,C85,Q
217,0,3,John Doe,male,6,3,4,A/5 21171,83.70224638480293,C85,C
218,1,3,John Doe,male,21,1,0,A/5 21171,57.68248470438291,C85,S
219,1,3,John Doe,male,72,4,3,A/5 21171,31.475435168186145,C85,Q
220,0,3,John Doe,male,33,4,4,A/5 21171,47.188372198846714,C85,S
221,0,1,John Doe,male,67,2,0,A/5 21171,40.127386055662534,C85,S
222,0,1,John Doe,female,28,4,4,A/5 21171,64.60405483967082,C85,S
223,0,1,John Doe,male,55,3,4,A/5 21171,13.254446381531512,C85,C
224,0,1,John Doe,male,75,2,4,A/5 21171,69.76111294897876,C85,Q
225,1,3,John Doe,female,25,3,1,A/5 21171,67.47240309246631,C85,C
226,1,1,John Doe,male,58,1,4,A/5 21171,45.212086213452935,C85,S
227,0,3,John Doe,male,53,1,3,A/5 21171,24.54845428411315,C85,S
228,0,3,John Doe,female,32,1,4,A/5 21171,43.64687743965911,C85,C
229,0,1,John Doe,female,65,4,0,A/5 21171,93.78749104870782,C85,C
230,0,3,John Doe,female,6,4,1,A/5 21171,59.810874749586574,C85,S
231,1,1,John Doe,female,25,3,1,A/5 21171,55.58780538754377,C85,S
232,0,3,John Doe,female,74,2,1,A/5 21171,47.44721594621017,C85,S
233,1,1,John Doe,female,16,1,4,A/5 21171,59.170121286836775,C85,Q
234,0,1,John Doe,female,52,3,3,A/5 21171,13.850009323648516,C85,Q
235,0,3,John Doe,male,6,4,2,A/5 21171,75.59211650861032,C85,C
236,0,3,John Doe,female,1,0,1,A/5 21171,78.03308202534497,C85,Q
237,1,2,John Doe,male,61,0,0,A/5 21171,44.78609951046408,C85,C
238,0,1,John Doe,male,39,4,0,A/5 21171,35.20074606236392,C85,S
239,1,2,John Doe,male,11,3,2,A/5 21171,41.58125502002936,C85,C
240,0,2,John Doe,male,36,4,4,A/5 21171,83.7278978592455,C85,C
241,0,2,John Doe,male,33,4,3,A/5 21171,60.1929416615456,C85,Q
242,0,2,John Doe,female,2,3,1,A/5 21171,66.93715673493455,C85,Q
243,1,3,John Doe,male,24,3,3,A/5 21171,68.27164792923881,C85,C
244,1,1,John Doe,female,55,1,1,A/5 21171,53.24165477524004,C85,S
245,1,3,John Doe,male,17,4,3,A/5 21171,23.180518921947606,C85,S
246,1,2,John Doe,female,76,2,3,A/5 21171,82.38648441634608,C85,Q
247,0,3,John Doe,male,2,4,1,A/5 21171,48.18963214815261,C85,Q
248,0,2,John Doe,male,43,0,0,A/5 21171,35.21034493470778,C85,C
249,0,3,John Doe,male,47,1,1,A/5 21171,20.067029740273966,C85,C
250,0,2,John Doe,female,57,1,2,A/5 21171,91.2864138768415,C85,Q
251,1,3,John Doe,female,17,2,3,A/5 21171,66.86823266796426,C85,C
252,0,1,John Doe,female,22,4,1,A/5 21171,43.311152810909604,C85,C
253,1,3,John Doe,female,42,3,0,A/5 21171,24.50828358399356,C85,S
254,1,2,John Doe,female,34,0,1,A/5 21171,84.08215403402419,C85,C
255,1,2,John Doe,male,34,4,3,A/5 21171,73.59221840150434,C85,Q
256,0,2,John Doe,female,12,4,3,A/5 21171,48.123971911236424,C85,Q
257,1,3,John Doe,male,38,3,4,A/5 21171,73.39083375649753,C85,S
258,1,2,John Doe,male,48,4,2,A/5 21171,75.3816959509158,C85,C
259,1,1,John Doe,female,41,1,3,A/5 21171,11.495816105661161,C85,C
260,1,1,John Doe,male,75,3,4,A/5 21171,26.412236100764392,C85,C
261,0,2,John Doe,female,6,0,2,A/5 21171,82.31614119402478,C85,Q
262,0,3,John Doe,female,64,3,2,A/5 21171,42.4089370476536,C85,C
263,0,1,John Doe,male,35,0,0,A/5 21171,62.8359142205547,C85,C
264,1,1,John Doe,female,60,2,2,A/5 21171,56.55374049050067,C85,S
265,1,2,John Doe,male,70,1,4,A/5 21171,45.47765088876812,C85,C
266,0,2,John Doe,female,2,1,0,A/5 21171,40.310813024889285,C85,S
267,1,2,John Doe,female,45,0,3,A/5 21171,78.69248161878801,C85,S
268,1,2,John Doe,female,61,3,1,A/5 21171,33.33813663772392,C85,C
269,0,2,John Doe,male,36,4,2,A/5 21171,28.32240678614097,C85,S
270,0,2,John Doe,male,2,3,0,A/5 21171,81.88980800285997,C85,S
271,0,1,John Doe,male,5,4,3,A/5 21171,80.64602879647256,C85,S
272,1,2,John Doe,female,34,2,3,A/5 21171,82.69143249841113,C85,S
273,1,3,John Doe,female,64,2,1,A/5 21171,19.575643076870723,C85,C
274,1,2,John Doe,female,37,0,4,A/5 21171,78.42419127037411,C85,S
275,0,1,John Doe,male,57,4,2,A/5 21171,26.330323655169433,C85,C
276,0,1,John Doe,male,14,3,1,A/5 21171,85.50549273719656,C85,C
277,0,1,John Doe,female,18,3,4,A/5 21171,68.76763959054685,C85,S
278,1,2,John Doe,female,41,3,0,A/5 21171,49.03081037786968,C85,C
279,0,2,John Doe,female,5,4,0,A/5 21171,73.12481299680525,C85,S
280,0,3,John Doe,female,78,4,0,A/5 21171,80.15262953673225,C85,S
281,0,3,John Doe,male,56,0,1,A/5 21171,63.93845789492653,C85,C
282,1,2,John Doe,female,59,2,0,A/5 21171,55.44003308017055,C85,Q
283,0,3,John Doe,female,77,3,3,A/5 21171,33.37987292008249,C85,C
284,1,2,John Doe,female,57,1,4,A/5 21171,47.14526364760126,C85,S
285,0,2,John Doe,male,20,2,3,A/5 21171,69.48457723153898,C85,S
286,0,1,John Doe,female,20,1,0,A/5 21171,53.51803440034135,C85,C
287,1,3,John Doe,male,55,1,2,A/5 21171,90.95307746451229,C85,C
288,1,2,John Doe,male,63,0,3,A/5 21171,38.22173103409225,C85,C
289,1,2,John Doe,male,78,1,2,A/5 21171,20.72487046932495,C85,C
290,0,1,John Doe,male,38,4,1,A/5 21171,57.4982618962385,C85,S
291,1,3,John Doe,male,41,0,3,A/5 21171,44.0556630321254,C85,C
292,1,2,John Doe,female,58,2,2,A/5 21171,88.70229696609235,C85,S
293,0,3,John Doe,female,6,4,2,A/5 21171,99.08897092761823,C85,C
294,0,2,John Doe,male,21,1,4,A/5 21171,29.816031832407234,C85,C
295,0,3,John Doe,male,74,4,4,A/5 21171,35.9991360575366,C85,C
296,1,3,John Doe,male,69,2,4,A/5 21171,88.77557959408033,C85,C
297,1,1,John Doe,female,38,4,3,A/5 21171,16.525530437449266,C85,Q
298,0,1,John Doe,female,8,0,2,A/5 21171,53.62022583518852,C85,C
299,0,3,John Doe,female,27,1,3,A/5 21171,99.06258022383514,C85,Q
300,0,1,John Doe,male,65,4,4,A/5 21171,49.11940138262183,C85,S
301,0,3,John Doe,female,51,0,2,A/5 21171,80.89940475731822,C85,Q
302,0,3,John Doe,female,40,0,0,A/5 21171,42.97756770735257,C85,S
303,0,2,John Doe,male,68,0,1,A/5 21171,46.04729371941275,C85,S
304,1,1,John Doe,male,26,2,4,A/5 21171,25.28886830130441,C85,S
305,1,3,John Doe,male,20,0,0,A/5 21171,80.32109865805651,C85,S
306,1,2,John Doe,male,8,2,4,A/5 21171,91.69046509106153,C85,S
307,1,3,John Doe,male,58,2,3,A/5 21171,55.568240040104556,C85,Q
308,0,1,John Doe,male,68,2,1,A/5 21171,20.014085726454233,C85,Q
309,0,1,John Doe,female,62,4,4,A/5 21171,79.98374841326985,C85,S
310,1,3,John Doe,male,72,4,0,A/5 21171,97.5676095735051,C85,C
311,0,2,John Doe,female,68,3,0,A/5 21171,59.1736140868673,C85,C
312,1,1,John Doe,male,22,3,4,A/5 21171,71.98668842907892,C85,S
313,0,1,John Doe,male,69,4,4,A/5 21171,60.23557532446837,C85,S
314,0,2,John Doe,male,46,4,1,A/5 21171,81.53459590230499,C85,Q
315,0,3,John Doe,female,17,1,3,A/5 21171,16.062581397088316,C85,C
316,1,2,John Doe,male,74,1,0,A/5 21171,61.3955672091784,C85,C
317,0,2,John Doe,female,47,4,1,A/5 21171,23.20290924070202,C85,Q
318,0,3,John Doe,male,66,0,3,A/5 21171,86.54119006246196,C85,Q
319,0,3,John Doe,male,79,4,3,A/5 21171,44.77568739112956,C85,S
320,1,3,John Doe,male,30,4,0,A/5 21171,15.26281455085069,C85,S
321,0,1,John Doe,male,17,2,2,A/5 21171,96.08063760115645,C85,C
322,0,2,John Doe,female,76,1,0,A/5 21171,60.51899726399995,C85,S
323,0,3,John Doe,female,69,1,0,A/5 21171,19.73669412023615,C85,C
324,0,3,John Doe,male,31,3,0,A/5 21171,25.76104393136849,C85,S
325,0,3,John Doe,female,5,0,0,A/5 21171,37.46022299505657,C85,C
326,0,2,John Doe,male,1,2,0,A/5 21171,35.39776163270869,C85,Q
327,0,2,John Doe,male,57,2,3,A/5 21171,54.33254513872713,C85,Q
328,0,1,John Doe,male,25,0,2,A/5 21171,17.359510814673058,C85,S
329,1,2,John Doe,female,72,1,4,A/5 21171,92.01195701705177,C85,Q
330,1,2,John Doe,male,79,2,3,A/5 21171,17.17653769535534,C85,C
331,1,1,John Doe,male,66,0,1,A/5 21171,27.239105675908192,C85,Q
332,1,3,John Doe,female,21,0,4,A/5 21171,77.99035793527146,C85,S
333,1,1,John Doe,female,25,0,4,A/5 21171,64.87497497471226,C85,Q
334,0,3,John Doe,female,23,1,0,A/5 21171,84.44305756767733,C85,S
335,0,3,John Doe,female,69,2,0,A/5 21171,32.88041428171314,C85,Q
336,0,3,John Doe,female,6,4,1,A/5 21171,65.57164047332458,C85,C
337,0,1,John Doe,female,38,3,4,A/5 21171,70.97838076157456,C85,C
338,1,2,John Doe,male,36,0,1,A/5 21171,74.65347082194846,C85,Q
339,0,1,John Doe,female,27,1,3,A/5 21171,67.71574394636613,C85,Q
340,1,2,John Doe,male,60,0,3,A/5 21171,80.86249536975349,C85,Q
341,0,1,John Doe,female,26,1,0,A/5 21171,73.48273157221605,C85,C
342,1,2,John Doe,male,6,3,0,A/5 21171,31.021495242462972,C85,C
343,1,2,John Doe,female,28,0,2,A/5 21171,67.52805015991271,C85,C
344,0,2,John Doe,male,79,4,2,A/5 21171,62.878938985691725,C85,C
345,1,2,John Doe,female,54,1,2,A/5 21171,21.209699351172944,C85,S
346,0,2,John Doe,male,8,0,2,A/5 21171,10.180927177880502,C85,S
347,1,3,John Doe,male,15,4,2,A/5 21171,25.77483843092162,C85,S
348,1,2,John Doe,male,52,0,0,A/5 21171,18.28767736423152,C85,S
349,1,2,John Doe,male,57,4,1,A/5 21171,37.83196081487314,C85,Q
350,0,3,John Doe,male,1,1,2,A/5 21171,34.15296378484018,C85,Q
351,1,3,John Doe,male,73,0,3,A/5 21171,98.50956715991782,C85,C
352,1,3,John Doe,male,24,3,2,A/5 21171,22.649890778186595,C85,Q
353,0,3,John Doe,male,30,3,4,A/5 21171,40.887010486699616,C85,S
354,1,1,John Doe,female,35,2,4,A/5 21171,30.873204927595136,C85,C
355,1,2,John Doe,female,21,2,0,A/5 21171,13.678116156189702,C85,S
356,1,1,John Doe,female,39,2,2,A/5 21171,77.88227783691381,C85,C
357,1,1,John Doe,male,38,1,4,A/5 21171,26.255798354925204,C85,Q
358,0,3,John Doe,male,36,0,4,A/5 21171,67.6646172071433,C85,Q
359,0,2,John Doe,female,25,2,3,A/5 21171,70.42851990123053,C85,S
360,0,2,John Doe,male,58,0,3,A/5 21171,15.007892430866255,C85,C
361,0,3,John Doe,male,70,4,2,A/5 21171,55.58153675307639,C85,C
362,1,1,John Doe,male,37,0,3,A/5 21171,78.13514465628573,C85,C
363,0,2,John Doe,male,13,4,3,A/5 21171,97.26930629215921,C85,C
364,0,1,John Doe,female,65,1,2,A/5 21171,80.03564235605765,C85,S
365,0,2,John Doe,female,28,0,4,A/5 21171,79.75773043690768,C85,Q
366,1,1,John Doe,female,8,0,1,A/5 21171,98.03752325381367,C85,Q
367,0,1,John Doe,female,57,1,2,A/5 21171,49.64442353154033,C85,C
368,1,2,John Doe,male,49,2,4,A/5 21171,92.21670921649098,C85,C
369,1,3,John Doe,female,28,3,3,A/5 21171,99.87456661240668,C85,Q
370,0,1,John Doe,male,37,4,1,A/5 21171,59.79658002227072,C85,C
371,0,3,John Doe,male,60,3,1,A/5 21171,29.489753667827994,C85,C
372,0,3,John Doe,male,21,3,4,A/5 21171,70.06889327826683,C85,S
373,0,3,John Doe,male,10,1,2,A/5 21171,95.65989549595729,C85,Q
374,1,3,John Doe,male,74,3,0,A/5 21171,32.41504600186776,C85,S
375,1,2,John Doe,male,11,4,0,A/5 21171,17.414100437929932,C85,C
376,1,2,John Doe,male,56,4,0,A/5 21171,49.805249896765,C85,Q
377,1,1,John Doe,male,10,1,0,A/5 21171,38.861525310403536,C85,S
378,0,1,John Doe,female,30,1,0,A/5 21171,73.38830581085041,C85,S
379,1,3,John Doe,female,35,1,1,A/5 21171,61.983353346643845,C85,Q
380,1,2,John Doe,male,66,1,4,A/5 21171,17.14681513311334,C85,Q
381,0,2,John Doe,male,58,1,2,A/5 21171,66.9254981077298,C85,S
382,1,3,John Doe,male,30,0,3,A/5 21171,68.22053890843847,C85,C
383,0,3,John Doe,male,39,1,1,A/5 21171,92.38034430322088,C85,Q
384,1,1,John Doe,male,58,3,0,A/5 21171,29.558923004245425,C85,S
385,1,3,John Doe,female,59,4,2,A/5 21171,62.38328705020905,C85,Q
386,1,3,John Doe,male,27,0,0,A/5 21171,20.566980359811645,C85,C
387,0,3,John Doe,female,79,4,1,A/5 21171,80.25236354027693,C85,Q
388,0,1,John Doe,male,36,2,2,A/5 21171,58.50760730509922,C85,C
389,1,2,John Doe,female,71,1,1,A/5 21171,64.13397758895793,C85,C
390,1,3,John Doe,male,65,2,3,A/5 21171,70.79582818821702,C85,Q
391,0,2,John Doe,male,7,4,1,A/5 21171,61.28289163443687,C85,S
392,1,1,John Doe,male,59,3,2,A/5 21171,65.31140197806003,C85,C
393,0,3,John Doe,female,6,3,2,A/5 21171,91.04169258836616,C85,S
394,0,3,John Doe,female,32,3,4,A/5 21171,18.68665539155207,C85,S
395,0,3,John Doe,female,53,0,1,A/5 21171,50.30311367423092,C85,Q
396,0,2,John Doe,female,43,3,0,A/5 21171,54.86098295219323,C85,Q
397,1,2,John Doe,female,47,1,4,A/5 21171,93.5841359856819,C85,S
398,1,3,John Doe,male,40,1,1,A/5 21171,41.6819587977579,C85,S
399,0,2,John Doe,male,63,2,1,A/5 21171,66.39575406459844,C85,C
400,1,2,John Doe,male,73,3,0,A/5 21171,21.775971513557742,C85,Q
401,1,2,John Doe,male,20,3,3,A/5 21171,28.15669579700356,C85,S
402,1,2,John Doe,male,66,4,0,A/5 21171,94.36129092557007,C85,C
403,1,3,John Doe,male,58,4,1,A/5 21171,46.22405201384595,C85,S
404,1,2,John Doe,male,48,4,4,A/5 21171,90.4460138497883,C85,S
405,0,1,John Doe,female,75,2,0,A/5 21171,65.04355029612228,C85,C
406,0,2,John Doe,female,26,1,2,A/5 21171,64.96352170044335,C85,Q
407,1,1,John Doe,female,49,1,1,A/5 21171,86.24447717982855,C85,S
408,0,1,John Doe,male,35,0,0,A/5 21171,71.66168338020984,C85,Q
409,1,2,John Doe,male,8,0,2,A/5 21171,12.141914408242563,C85,Q
410,0,2,John Doe,female,14,2,4,A/5 21171,20.55556632498471,C85,Q
411,0,3,John Doe,female,64,2,2,A/5 21171,16.905575528721265,C85,C
412,1,2,John Doe,female,1,2,1,A/5 21171,91.0049685878382,C85,S
413,1,3,John Doe,male,79,2,0,A/5 21171,32.14617879167696,C85,Q
414,1,1,John Doe,male,5,3,3,A/5 21171,53.09232147419854,C85,S
415,0,3,John Doe,male,31,3,0,A/5 21171,17.559921451412094,C85,C
416,0,2,John Doe,female,23,4,0,A/5 21171,35.56557647142828,C85,C
417,0,3,John Doe,female,42,2,2,A/5 21171,26.460646720041808,C85,Q
418,0,3,John Doe,female,31,3,2,A/5 21171,83.3581748466947,C85,Q
419,0,3,John Doe,female,38,4,4,A/5 21171,43.6737729566437,C85,C
420,1,2,John Doe,male,9,0,4,A/5 21171,70.3704756430699,C85,C
421,0,1,John Doe,male,62,2,0,A/5 21171,91.76993493963782,C85,S
422,1,3,John Doe,male,9,3,3,A/5 21171,26.473162209564965,C85,Q
423,1,1,John Doe,male,21,3,1,A/5 21171,17.821710952514316,C85,Q
424,1,2,John Doe,female,40,3,3,A/5 21171,89.19489695000874,C85,Q
425,1,2,John Doe,female,54,4,3,A/5 21171,22.612484594217484,C85,S
426,1,2,John Doe,male,72,1,3,A/5 21171,91.06833674593588,C85,C
427,0,1,John Doe,male,15,0,3,A/5 21171,41.384992505491795,C85,Q
428,0,3,John Doe,female,18,2,2,A/5 21171,87.74907743866386,C85,C
429,0,3,John Doe,male,7,0,0,A/5 21171,87.74139373848256,C85,Q
430,0,2,John Doe,female,62,2,0,A/5 21171,14.784243744820513,C85,S
431,1,1,John Doe,female,22,0,1,A/5 21171,34.014531524848096,C85,C
432,1,1,John Doe,male,56,1,4,A/5 21171,11.579773782679494,C85,S
433,0,2,John Doe,female,30,4,4,A/5 21171,98.94972657526145,C85,S
434,1,3,John Doe,male,40,2,0,A/5 21171,79.61311208909366,C85,S
435,1,1,John Doe,male,23,3,0,A/5 21171,53.315391578206075,C85,Q
436,0,1,John Doe,male,44,3,3,A/5 21171,54.28374777750747,C85,S
437,1,1,John Doe,male,54,4,1,A/5 21171,77.01287221201753,C85,C
438,1,2,John Doe,female,26,4,3,A/5 21171,11.465515420108538,C85,S
439,1,3,John Doe,female,16,1,0,A/5 21171,92.10601201294946,C85,S
440,0,2,John Doe,female,78,0,4,A/5 21171,86.50947343645919,C85,C
441,0,2,John Doe,male,54,4,0,A/5 21171,53.26539180791427,C85,Q
442,0,2,John Doe,female,61,1,0,A/5 21171,15.346174475657882,C85,Q
443,0,2,John Doe,male,18,1,4,A/5 21171,42.7287253518676,C85,S
444,1,2,John Doe,male,59,1,2,A/5 21171,65.10334508291663,C85,C
445,1,2,John Doe,female,75,4,1,A/5 21171,54.62923518035895,C85,Q
446,0,2,John Doe,female,40,1,2,A/5 21171,68.9684455463098,C85,Q
447,1,2,John Doe,male,71,1,3,A/5 21171,68.5727100539597,C85,Q
448,0,3,John Doe,female,31,1,1,A/5 21171,73.8328361683501,C85,C
449,1,2,John Doe,male,22,0,0,A/5 21171,87.57442485582922,C85,S
450,0,3,John Doe,female,7,1,3,A/5 21171,52.24768588759499,C85,S
451,1,2,John Doe,male,36,2,4,A/5 21171,83.69834890483348,C85,Q
452,0,3,John Doe,female,51,1,0,A/5 21171,81.04030593856345,C85,C
453,0,2,John Doe,female,50,3,4,A/5 21171,44.42568659628679,C85,S
454,1,3,John Doe,male,71,2,1,A/5 21171,55.51581432783767,C85,C
455,1,2,John Doe,female,7,2,4,A/5 21171,34.39995495194215,C85,Q
456,0,1,John Doe,female,7,3,4,A/5 21171,84.91348117989192,C85,S
457,1,3,John Doe,female,78,3,2,A/5 21171,94.51848098721315,C85,C
458,1,1,John Doe,female,22,1,4,A/5 21171,95.9820996213115,C85,Q
459,1,1,John Doe,male,11,0,1,A/5 21171,41.035080608505595,C85,S
460,0,3,John Doe,female,1,3,3,A/5 21171,39.94820833896546,C85,C
461,0,3,John Doe,male,28,1,4,A/5 21171,72.15666682584958,C85,Q
462,0,1,John Doe,male,68,0,1,A/5 21171,77.8278015791454,C85,Q
463,0,2,John Doe,female,56,1,1,A/5 21171,84.92760719003826,C85,Q
464,1,3,John Doe,female,44,1,1,A/5 21171,30.784079713792185,C85,S
465,1,3,John Doe,female,34,4,1,A/5 21171,95.77523213325001,C85,Q
466,1,2,John Doe,female,71,1,3,A/5 21171,90.66351936550181,C85,S
467,0,2,John Doe,female,49,1,4,A/5 21171,58.69739073929804,C85,C
468,0,1,John Doe,male,74,4,2,A/5 21171,97.33676174004654,C85,C
469,0,3,John Doe,female,12,1,0,A/5 21171,80.61079179301933,C85,C
470,1,1,John Doe,male,51,3,4,A/5 21171,91.93997975065982,C85,C
471,0,2,John Doe,male,67,1,0,A/5 21171,74.65244370919372,C85,Q
472,1,3,John Doe,male,6,1,1,A/5 21171,92.16227688562256,C85,Q
473,0,1,John Doe,male,41,3,2,A/5 21171,98.48580548945108,C85,S
474,0,2,John Doe,male,5,2,0,A/5 21171,70.82838615520492,C85,S
475,0,1,John Doe,female,27,4,1,A/5 21171,44.06566920210958,C85,S
476,1,1,John Doe,male,20,3,3,A/5 21171,64.40580480815075,C85,C
477,0,3,John Doe,male,9,1,1,A/5 21171,42.0121306537642,C85,C
478,1,1,John Doe,male,17,0,3,A/5 21171,20.564696368000366,C85,S
479,0,1,John Doe,male,15,4,0,A/5 21171,11.979133213197898,C85,C
480,0,2,John Doe,female,27,4,1,A/5 21171,72.38916998171938,C85,C
481,1,3,John Doe,female,35,0,4,A/5 21171,47.41948139899857,C85,S
482,0,2,John Doe,male,11,1,2,A/5 21171,11.068002179632906,C85,S
483,0,3,John Doe,male,21,2,4,A/5 21171,63.91037033994816,C85,S
484,0,2,John Doe,female,19,2,4,A/5 21171,65.1410108219055,C85,C
485,0,1,John Doe,female,78,1,4,A/5 21171,44.43188037468678,C85,Q
486,1,2,John Doe,male,35,4,2,A/5 21171,65.74825433127188,C85,C
487,1,2,John Doe,male,4,1,3,A/5 21171,36.01580289718052,C85,S
488,0,1,John Doe,female,58,1,2,A/5 21171,58.442990548006755,C85,S
489,0,2,John Doe,male,9,1,4,A/5 21171,35.32374450316941,C85,Q
490,0,2,John Doe,female,78,0,0,A/5 21171,66.31468484021374,C85,S
491,1,3,John Doe,female,57,0,4,A/5 21171,98.60465627016026,C85,C
492,1,1,John Doe,male,8,0,0,A/5 21171,31.851609187546522,C85,C
493,0,2,John Doe,female,41,2,3,A/5 21171,98.99080449218754,C85,S
494,0,3,John Doe,male,41,3,2,A/5 21171,51.638436184092775,C85,Q
495,0,1,John Doe,female,72,1,0,A/5 21171,71.15754282496044,C85,Q
496,0,3,John Doe,female,78,4,0,A/5 21171,50.59068177368272,C85,S
497,0,2,John Doe,male,10,2,4,A/5 21171,49.28650887997618,C85,C
498,1,3,John Doe,male,63,0,0,A/5 21171,58.409212906485834,C85,C
499,0,2,John Doe,male,63,1,2,A/5 21171,39.54809148851406,C85,Q
500,1,2,John Doe,female,46,4,3,A/5 21171,78.43604994895952,C85,Q
501,0,1,John Doe,male,14,0,0,A/5 21171,67.86462366336082,C85,Q
502,0,1,John Doe,male,42,2,4,A/5 21171,17.236786555774145,C85,C
503,1,2,John Doe,male,14,2,1,A/5 21171,79.91237656884212,C85,S
504,0,1,John Doe,female,49,3,0,A/5 21171,41.72699168717291,C85,Q
505,1,2,John Doe,female,74,2,4,A/5 21171,16.88215586014428,C85,Q
506,0,3,John Doe,female,61,2,4,A/5 21171,20.769879094493675,C85,Q
507,1,1,John Doe,male,42,1,1,A/5 21171,53.57014547533903,C85,C
508,1,2,John Doe,male,45,3,3,A/5 21171,59.20404537651741,C85,C
509,1,1,John Doe,female,76,0,0,A/5 21171,66.85589151368343,C85,C
510,0,3,John Doe,male,51,2,2,A/5 21171,56.35051944039999,C85,C
511,0,3,John Doe,male,41,0,4,A/5 21171,38.81010660400952,C85,C
512,0,3,John Doe,female,25,1,3,A/5 21171,63.836666195069064,C85,Q
513,1,1,John Doe,male,29,1,4,A/5 21171,64.40105283422105,C85,Q
514,1,2,John Doe,female,66,1,1,A/5 21171,71.18558869352948,C85,Q
515,1,3,John Doe,male,66,2,1,A/5 21171,63.18840884853231,C85,C
516,1,1,John Doe,male,76,0,1,A/5 21171,91.5026317743606,C85,C
517,0,3,John Doe,female,58,1,0,A/5 21171,80.24864136793502,C85,C
518,1,3,John Doe,female,46,3,2,A/5 21171,18.584372183696445,C85,S
519,1,3,John Doe,female,50,4,2,A/5 21171,30.10303972140516,C85,Q
520,0,1,John Doe,female,76,1,4,A/5 21171,93.71645901453999,C85,Q
521,0,2,John Doe,male,52,2,3,A/5 21171,31.323476783786067,C85,Q
522,0,3,John Doe,male,42,3,0,A/5 21171,25.97538435025863,C85,Q
523,0,2,John Doe,female,20,0,1,A/5 21171,65.43760531716424,C85,S
524,0,1,John Doe,female,70,2,1,A/5 21171,44.338435287175386,C85,Q
525,1,3,John Doe,female,60,4,0,A/5 21171,98.60209778947994,C85,C
526,1,1,John Doe,female,48,3,1,A/5 21171,20.53085660596686,C85,C
527,0,3,John Doe,male,37,3,0,A/5 21171,26.416428588507454,C85,S
528,1,1,John Doe,male,41,4,0,A/5 21171,47.30033949770759,C85,Q
529,0,2,John Doe,male,11,1,1,A/5 21171,41.73266466986076,C85,Q
530,1,3,John Doe,male,17,3,0,A/5 21171,64.40864402119769,C85,Q
531,1,3,John Doe,male,78,3,0,A/5 21171,52.44285004578839,C85,S
532,0,2,John Doe,female,48,4,3,A/5 21171,40.074830433486895,C85,Q
533,0,2,John Doe,female,52,2,3,A/5 21171,25.560718231310666,C85,C
534,0,2,John Doe,female,32,4,1,A/5 21171,66.05749719025013,C85,S
535,1,1,John Doe,female,74,4,4,A/5 21171,41.93118298756438,C85,S
536,0,3,John Doe,male,60,1,4,A/5 21171,64.8949015808771,C85,C
537,1,1,John Doe,female,15,1,0,A/5 21171,31.543009838025938,C85,C
538,0,2,John Doe,female,56,0,3,A/5 21171,21.61362744799607,C85,C
539,0,1,John Doe,male,44,2,4,A/5 21171,56.331753308929194,C85,C
540,1,3,John Doe,female,21,3,3,A/5 21171,23.587937430330694,C85,Q
541,0,1,John Doe,female,10,2,1,A/5 21171,74.826441315219,C85,S
542,1,2,John Doe,female,1,4,1,A/5 21171,24.885868595415705,C85,Q
543,1,2,John Doe,female,61,2,2,A/5 21171,30.98293536875357,C85,C
544,1,3,John Doe,male,20,1,4,A/5 21171,73.69202722334788,C85,C
545,1,2,John Doe,male,27,3,0,A/5 21171,39.97384122725827,C85,C
546,1,2,John Doe,female,46,3,4,A/5 21171,69.64171740293989,C85,Q
547,0,2,John Doe,male,59,3,0,A/5 21171,95.20637390516028,C85,Q
548,1,2,John Doe,male,3,3,4,A/5 21171,58.57603776510938,C85,C
549,1,1,John Doe,female,60,1,1,A/5 21171,11.722950707228591,C85,C
550,1,3,John Doe,female,12,2,2,A/5 21171,80.3512942635996,C85,S
551,1,3,John Doe,male,54,3,3,A/5 21171,26.996292609211963,C85,S
552,0,2,John Doe,male,33,2,4,A/5 21171,80.05778077569444,C85,S
553,0,3,John Doe,male,31,0,2,A/5 21171,70.99527676617619,C85,S
554,0,2,John Doe,female,58,4,0,A/5 21171,48.88484603973524,C85,Q
555,0,1,John Doe,male,11,4,2,A/5 21171,89.31089054272316,C85,S
556,0,2,John Doe,female,1,2,3,A/5 21171,90.19124914602435,C85,C
557,0,2,John Doe,female,54,2,3,A/5 21171,68.49854080611345,C85,S
558,1,2,John Doe,male,71,2,4,A/5 21171,83.19713493188014,C85,Q
559,1,2,John Doe,male,70,3,0,A/5 21171,21.236376646864514,C85,C
560,0,1,John Doe,female,8,2,4,A/5 21171,22.68433926990592,C85,S
561,0,2,John Doe,female,73,1,2,A/5 21171,68.99328279860329,C85,S
562,1,1,John Doe,female,76,2,4,A/5 21171,45.304201446085244,C85,Q
563,0,2,John Doe,male,37,0,2,A/5 21171,51.28140114579782,C85,S
564,0,2,John Doe,male,31,4,4,A/5 21171,50.8339667357778,C85,Q
565,1,1,John Doe,male,37,1,2,A/5 21171,47.535039427649224,C85,Q
566,1,1,John Doe,female,2,1,4,A/5 21171,73.23119028405583,C85,Q
567,1,3,John Doe,male,74,1,0,A/5 21171,30.052522706285085,C85,Q
568,0,1,John Doe,male,64,1,3,A/5 21171,81.19794762424556,C85,S
569,0,1,John Doe,female,78,2,2,A/5 21171,77.2288087537709,C85,C
570,0,2,John Doe,male,4,0,2,A/5 21171,85.26980866870875,C85,S
571,0,1,John Doe,female,71,3,3,A/5 21171,19.71338859070232,C85,Q
572,0,1,John Doe,female,47,1,4,A/5 21171,91.57640497483409,C85,S
573,1,3,John Doe,female,35,2,2,A/5 21171,74.39719995682388,C85,C
574,0,1,John Doe,male,43,1,4,A/5 21171,70.17775733159239,C85,C
575,0,2,John Doe,female,47,3,3,A/5 21171,51.34119005227195,C85,C
576,1,3,John Doe,female,44,1,3,A/5 21171,51.29061643020919,C85,C
577,0,3,John Doe,female,49,3,3,A/5 21171,16.683216644325984,C85,Q
578,0,1,John Doe,female,7,2,1,A/5 21171,24.155037780049646,C85,Q
579,0,2,John Doe,male,54,0,3,A/5 21171,50.34803480217195,C85,S
580,0,3,John Doe,female,46,0,3,A/5 21171,19.12623239201909,C85,S
581,0,3,John Doe,female,9,1,0,A/5 21171,70.07231325414924,C85,Q
582,0,1,John Doe,female,39,1,4,A/5 21171,67.29098202578477,C85,Q
583,0,3,John Doe,female,26,3,0,A/5 21171,65.22091932891871,C85,Q
584,0,1,John Doe,male,11,0,4,A/5 21171,83.30746426355145,C85,C
585,0,3,John Doe,female,14,1,0,A/5 21171,26.40777512640767,C85,Q
586,1,3,John Doe,male,41,1,0,A/5 21171,46.45798541901883,C85,C
587,0,1,John Doe,male,43,3,3,A/5 21171,70.99737313844872,C85,S
588,1,1,John Doe,female,31,4,2,A/5 21171,31.59364179334714,C85,Q
589,0,2,John Doe,female,53,2,4,A/5 21171,86.59016915475505,C85,S
590,1,2,John Doe,female,75,1,0,A/5 21171,36.21019690972828,C85,C
591,0,2,John Doe,male,44,2,0,A/5 21171,68.43855194285567,C85,Q
592,0,3,John Doe,female,59,4,0,A/5 21171,12.301032993421302,C85,Q
593,1,1,John Doe,female,48,0,0,A/5 21171,26.706317542393503,C85,S
594,1,1,John Doe,male,20,1,4,A/5 21171,88.8764272026902,C85,S
595,1,2,John Doe,female,46,4,4,A/5 21171,39.007830959006085,C85,S
596,1,3,John Doe,female,61,1,3,A/5 21171,95.5207071037153,C85,C
597,1,3,John Doe,male,67,1,1,A/5 21171,72.36750758358176,C85,C
598,0,1,John Doe,female,48,0,2,A/5 21171,33.73946998134062,C85,C
599,0,1,John Doe,male,17,0,4,A/5 21171,43.55553198384253,C85,C
600,0,2,John Doe,female,76,1,4,A/5 21171,30.73324513693911,C85,C
601,0,3,John Doe,male,22,4,4,A/5 21171,58.27557806350949,C85,S
602,1,3,John Doe,male,76,0,2,A/5 21171,78.87165949495211,C85,Q
603,0,2,John Doe,male,36,2,4,A/5 21171,94.48073974780787,C85,C
604,0,3,John Doe,male,76,0,3,A/5 21171,56.26696056755856,C85,C
605,0,2,John Doe,male,79,4,4,A/5 21171,18.74163983505442,C85,S
606,0,1,John Doe,female,12,2,2,A/5 21171,23.500579321599915,C85,S
607,1,2,John Doe,male,46,4,1,A/5 21171,24.70612659868767,C85,S
608,1,3,John Doe,male,70,0,4,A/5 21171,17.43548647075989,C85,S
609,0,3,John Doe,female,28,0,4,A/5 21171,86.24834350118378,C85,C
610,1,1,John Doe,female,4,2,1,A/5 21171,36.39583704293916,C85,C
611,0,2,John Doe,female,78,0,4,A/5 21171,96.76864534607407,C85,S
612,1,3,John Doe,female,8,2,4,A/5 21171,61.47652324808945,C85,S
613,1,3,John Doe,female,68,4,4,A/5 21171,46.273584639641484,C85,C
614,1,1,John Doe,female,38,1,2,A/5 21171,44.628442804662804,C85,S
615,1,2,John Doe,female,68,4,1,A/5 21171,56.23838745390015,C85,C
616,0,3,John Doe,female,17,3,2,A/5 21171,35.60296137566753,C85,Q
617,0,1,John Doe,male,64,1,1,A/5 21171,54.65149385110686,C85,C
618,0,2,John Doe,female,79,0,2,A/5 21171,85.94641630256062,C85,S
619,1,1,John Doe,male,13,2,4,A/5 21171,82.35323074772698,C85,C
620,1,1,John Doe,female,72,0,4,A/5 21171,27.895983596798267,C85,S
621,1,3,John Doe,male,46,2,4,A/5 21171,37.03613457647366,C85,Q
622,1,3,John Doe,male,9,3,3,A/5 21171,24.483790254398805,C85,Q
623,0,1,John Doe,female,53,3,4,A/5 21171,55.04998201136539,C85,C
624,0,3,John Doe,female,57,0,4,A/5 21171,78.73356979964572,C85,Q
625,1,3,John Doe,male,41,0,0,A/5 21171,52.352329132022405,C85,C
626,0,2,John Doe,female,70,4,2,A/5 21171,70.3461373116716,C85,S
627,0,2,John Doe,female,10,0,1,A/5 21171,15.679571371798248,C85,S
628,1,2,John Doe,male,48,0,2,A/5 21171,32.77015527902701,C85,Q
629,1,1,John Doe,female,46,0,1,A/5 21171,80.62531879630777,C85,Q
630,0,2,John Doe,male,53,0,4,A/5 21171,73.23815723405227,C85,S
631,1,1,John Doe,male,40,4,0,A/5 21171,54.81905659728162,C85,C
632,0,1,John Doe,female,14,4,4,A/5 21171,54.08779109486115,C85,S
633,1,3,John Doe,female,51,0,3,A/5 21171,94.09446559441574,C85,S
634,0,1,John Doe,male,54,0,3,A/5 21171,20.111658779183358,C85,Q
635,0,1,John Doe,female,37,4,0,A/5 21171,24.760888438366337,C85,Q
636,0,2,John Doe,female,37,1,2,A/5 21171,73.9961133409895,C85,C
637,0,3,John Doe,male,30,0,4,A/5 21171,24.025599511051375,C85,S
638,0,2,John Doe,female,59,1,0,A/5 21171,98.55995902166688,C85,C
639,1,1,John Doe,female,24,2,3,A/5 21171,47.68239540314337,C85,S
640,0,2,John Doe,male,48,2,4,A/5 21171,10.853613677665736,C85,C
641,0,1,John Doe,male,77,0,3,A/5 21171,81.53572842400504,C85,S
642,0,3,John Doe,male,47,3,0,A/5 21171,18.255984523891975,C85,S
643,0,1,John Doe,female,8,3,0,A/5 21171,46.51667712714329,C85,S
644,1,2,John Doe,male,30,3,0,A/5 21171,28.031356933025865,C85,Q
645,1,1,John Doe,female,32,1,3,A/5 21171,79.54673656514856,C85,S
646,0,3,John Doe,female,28,4,2,A/5 21171,53.26441465380443,C85,S
647,1,3,John Doe,female,45,2,2,A/5 21171,32.941414493395776,C85,S
648,1,1,John Doe,female,67,3,0,A/5 21171,23.060478501673124,C85,C
649,0,1,John Doe,female,54,0,3,A/5 21171,44.48723232218874,C85,C
650,1,3,John Doe,female,58,4,1,A/5 21171,69.49237153932613,C85,Q
651,1,3,John Doe,male,11,4,4,A/5 21171,29.458379630174033,C85,Q
652,1,2,John Doe,female,26,3,0,A/5 21171,91.73726159690993,C85,C
653,1,2,John Doe,female,1,4,2,A/5 21171,69.16019444563473,C85,C
654,1,3,John Doe,female,63,2,1,A/5 21171,40.02566429888206,C85,S
655,0,3,John Doe,male,10,3,2,A/5 21171,52.82819192645245,C85,C
656,1,3,John Doe,female,44,4,3,A/5 21171,61.532735657411926,C85,C
657,0,3,John Doe,male,24,2,4,A/5 21171,46.685819536414144,C85,S
658,0,1,John Doe,female,54,2,2,A/5 21171,78.90756693345926,C85,Q
659,1,3,John Doe,female,29,2,1,A/5 21171,30.02299814374395,C85,Q
660,1,1,John Doe,female,72,0,0,A/5 21171,75.27159199393229,C85,C
661,0,2,John Doe,female,7,3,2,A/5 21171,12.764097116718428,C85,C
662,1,1,John Doe,female,24,2,3,A/5 21171,67.1178071453911,C85,Q
663,1,3,John Doe,male,77,3,2,A/5 21171,55.81440387764641,C85,Q
664,1,2,John Doe,male,24,4,3,A/5 21171,29.434261730321534,C85,Q
665,0,2,John Doe,female,7,1,4,A/5 21171,69.60886604071963,C85,Q
666,0,2,John Doe,male,47,2,0,A/5 21171,80.90249910433194,C85,Q
667,1,2,John Doe,male,41,2,1,A/5 21171,98.7777286857709,C85,C
668,1,3,John Doe,male,41,1,3,A/5 21171,63.12838046283534,C85,Q
669,1,1,John Doe,male,53,0,0,A/5 21171,37.05953395514818,C85,S
670,0,1,John Doe,male,3,3,0,A/5 21171,64.78651764272831,C85,Q
671,1,3,John Doe,male,42,2,0,A/5 21171,66.70589654306761,C85,Q
672,0,3,John Doe,male,24,0,3,A/5 21171,56.28140375693508,C85,C
673,0,3,John Doe,female,7,2,2,A/5 21171,42.988478771127674,C85,C
674,0,2,John Doe,female,2,4,4,A/5 21171,14.263780048663811,C85,Q
675,0,2,John Doe,female,16,4,1,A/5 21171,60.87398666584979,C85,C
676,0,3,John Doe,female,7,0,1,A/5 21171,39.65907960095463,C85,C
677,1,1,John Doe,male,41,4,4,A/5 21171,90.7517100473841,C85,S
678,0,1,John Doe,female,24,4,4,A/5 21171,55.78025127235642,C85,S
679,0,3,John Doe,male,67,3,0,A/5 21171,26.260709697498438,C85,C
680,1,2,John Doe,female,7,4,4,A/5 21171,78.97119317959972,C85,Q
681,1,1,John Doe,female,70,4,1,A/5 21171,92.56287522079568,C85,Q
682,1,1,John Doe,female,75,0,1,A/5 21171,23.45286868077148,C85,C
683,1,3,John Doe,female,72,2,4,A/5 21171,33.620342312751106,C85,S
684,1,2,John Doe,male,61,4,4,A/5 21171,32.141695587053384,C85,C
685,1,1,John Doe,female,6,3,0,A/5 21171,30.77296063084444,C85,C
686,1,3,John Doe,male,18,4,4,A/5 21171,11.97239142210256,C85,Q
687,1,3,John Doe,female,30,0,4,A/5 21171,14.530246850597024,C85,Q
688,0,3,John Doe,male,65,0,3,A/5 21171,93.36361816245264,C85,S
689,1,3,John Doe,male,58,3,0,A/5 21171,78.46143591123798,C85,S
690,1,3,John Doe,male,57,3,4,A/5 21171,77.1119253889234,C85,C
691,0,2,John Doe,male,31,3,1,A/5 21171,63.46756019251779,C85,Q
692,1,2,John Doe,male,28,2,3,A/5 21171,99.24100547125292,C85,C
693,1,3,John Doe,male,70,0,2,A/5 21171,50.50991936090874,C85,C
694,1,1,John Doe,female,21,0,1,A/5 21171,82.2747949184607,C85,S
695,1,2,John Doe,male,43,3,3,A/5 21171,72.52221844762109,C85,Q
696,1,2,John Doe,female,57,2,3,A/5 21171,52.52644532754549,C85,C
697,1,1,John Doe,female,70,4,3,A/5 21171,65.85153412258768,C85,C
698,0,1,John Doe,female,72,1,3,A/5 21171,24.6860763013949,C85,C
699,0,3,John Doe,female,64,4,1,A/5 21171,69.81135721062057,C85,Q
700,1,2,John Doe,female,38,2,4,A/5 21171,80.44355833615323,C85,C
701,0,3,John Doe,female,73,2,1,A/5 21171,29.384063469233148,C85,Q
702,0,1,John Doe,male,62,3,1,A/5 21171,99.51843987003113,C85,S
703,1,3,John Doe,male,15,0,1,A/5 21171,42.58742406756072,C85,C
704,0,3,John Doe,female,20,0,3,A/5 21171,79.69764402077378,C85,S
705,0,3,John Doe,male,71,3,1,A/5 21171,89.76232430048852,C85,Q
706,0,3,John Doe,female,55,3,1,A/5 21171,78.81454765595026,C85,Q
707,0,3,John Doe,female,23,2,3,A/5 21171,33.497980641279625,C85,C
708,0,2,John Doe,male,17,2,0,A/5 21171,99.16286066938127,C85,S
709,0,2,John Doe,female,73,0,3,A/5 21171,86.40617674564909,C85,C
710,1,1,John Doe,male,4,2,3,A/5 21171,28.352735146875528,C85,Q
711,1,3,John Doe,female,72,2,2,A/5 21171,46.15805677212419,C85,Q
712,1,1,John Doe,male,46,4,0,A/5 21171,56.47909602912133,C85,Q
713,0,3,John Doe,male,7,3,0,A/5 21171,37.558217637711756,C85,Q
714,0,2,John Doe,female,65,1,4,A/5 21171,79.52166217929796,C85,S
715,1,2,John Doe,male,18,4,2,A/5 21171,20.361280266228384,C85,Q
716,0,1,John Doe,female,48,3,1,A/5 21171,81.18882992081748,C85,C
717,1,3,John Doe,female,42,2,1,A/5 21171,77.13124596089304,C85,Q
718,0,2,John Doe,female,70,3,2,A/5 21171,52.28574579382625,C85,Q
719,1,2,John Doe,female,48,4,2,A/5 21171,23.058280589607243,C85,S
720,1,3,John Doe,female,67,4,2,A/5 21171,78.50337644982454,C85,S
721,0,2,John Doe,male,77,4,1,A/5 21171,95.15748719004739,C85,Q
722,1,1,John Doe,female,56,0,4,A/5 21171,87.90257885001965,C85,Q
723,1,3,John Doe,female,11,0,3,A/5 21171,10.43150222366494,C85,Q
724,0,3,John Doe,male,44,0,3,A/5 21171,62.88185389998848,C85,S
725,1,3,John Doe,female,12,3,1,A/5 21171,10.065273037783909,C85,C
726,0,3,John Doe,male,33,2,3,A/5 21171,77.40431231905995,C85,S
727,1,3,John Doe,male,62,1,3,A/5 21171,71.59284330646818,C85,C
728,0,3,John Doe,male,49,0,0,A/5 21171,29.0333754558333,C85,C
729,1,1,John Doe,female,51,2,1,A/5 21171,69.72396636113768,C85,Q
730,1,3,John Doe,female,28,3,2,A/5 21171,53.93272951771503,C85,Q
731,1,1,John Doe,male,68,0,2,A/5 21171,52.51838398401508,C85,C
732,1,2,John Doe,male,48,1,0,A/5 21171,58.428881091778344,C85,S
733,0,2,John Doe,male,22,3,4,A/5 21171,48.722346204237425,C85,S
734,1,2,John Doe,male,22,4,3,A/5 21171,28.460009607477765,C85,S
735,0,2,John Doe,female,35,4,0,A/5 21171,17.898828977568343,C85,C
736,1,3,John Doe,female,60,1,1,A/5 21171,51.71877383470571,C85,S
737,0,3,John Doe,female,25,4,0,A/5 21171,84.6001457686256,C85,S
738,1,2,John Doe,female,9,3,3,A/5 21171,21.426172893790216,C85,C
739,0,3,John Doe,male,75,1,1,A/5 21171,95.07550919497287,C85,C
740,0,2,John Doe,female,42,1,2,A/5 21171,44.48557595134111,C85,Q
741,0,3,John Doe,male,72,2,4,A/5 21171,42.65686640962951,C85,Q
742,0,3,John Doe,male,19,1,0,A/5 21171,87.18814526977305,C85,S
743,0,3,John Doe,male,7,4,1,A/5 21171,49.076823657258686,C85,S
744,1,3,John Doe,male,3,3,4,A/5 21171,73.46393035340867,C85,S
745,1,2,John Doe,female,77,2,0,A/5 21171,97.74464210031765,C85,C
746,0,2,John Doe,female,35,0,1,A/5 21171,50.58923609861118,C85,Q
747,0,2,John Doe,male,73,1,4,A/5 21171,58.21001568629759,C85,S
748,0,2,John Doe,female,70,3,3,A/5 21171,83.32476521300646,C85,C
749,1,2,John Doe,female,75,1,4,A/5 21171,88.79005098982495,C85,Q
750,1,2,John Doe,male,32,1,1,A/5 21171,43.35722533932759,C85,Q
751,1,3,John Doe,female,42,1,2,A/5 21171,25.031879153610802,C85,S
752,1,2,John Doe,male,32,0,0,A/5 21171,77.5159766488282,C85,C
753,0,3,John Doe,female,40,4,1,A/5 21171,25.953713013162776,C85,C
754,1,2,John Doe,female,68,1,0,A/5 21171,32.04459088579043,C85,S
755,0,2,John Doe,female,60,3,1,A/5 21171,41.41696015824138,C85,Q
756,1,3,John Doe,female,5,0,3,A/5 21171,40.004301670955115,C85,C
757,1,2,John Doe,male,5,3,0,A/5 21171,45.26222579422344,C85,S
758,0,2,John Doe,female,27,4,0,A/5 21171,62.44267962139288,C85,C
759,1,2,John Doe,female,16,3,2,A/5 21171,83.60087823895596,C85,C
760,1,2,John Doe,female,34,1,3,A/5 21171,50.14969587377728,C85,S
761,0,2,John Doe,male,23,2,0,A/5 21171,96.49870379488688,C85,C
762,0,2,John Doe,female,15,3,0,A/5 21171,83.81456202415248,C85,C
763,1,1,John Doe,male,70,4,1,A/5 21171,84.16319749736346,C85,C
764,0,2,John Doe,male,26,3,4,A/5 21171,86.43290785194068,C85,Q
765,0,1,John Doe,male,9,0,1,A/5 21171,65.98283176999806,C85,Q
766,1,1,John Doe,male,42,4,2,A/5 21171,49.33693016983284,C85,C
767,1,1,John Doe,female,68,0,1,A/5 21171,49.63178540933796,C85,S
768,0,2,John Doe,male,50,4,4,A/5 21171,12.514892563926601,C85,S
769,0,3,John Doe,female,23,3,0,A/5 21171,73.38747936041607,C85,Q
770,1,2,John Doe,male,37,0,2,A/5 21171,81.92086811827808,C85,S
771,0,2,John Doe,male,14,4,0,A/5 21171,45.536824563414974,C85,Q
772,0,3,John Doe,female,77,2,1,A/5 21171,83.0081352702856,C85,S
773,0,2,John Doe,female,75,3,2,A/5 21171,20.748230172727276,C85,Q
774,1,3,John Doe,male,66,0,3,A/5 21171,46.130807838243406,C85,Q
775,0,3,John Doe,female,23,2,2,A/5 21171,41.96765134379589,C85,S
776,1,3,John Doe,female,70,3,0,A/5 21171,29.854422902322604,C85,S
777,0,2,John Doe,female,58,2,3,A/5 21171,64.34324799768825,C85,C
778,1,1,John Doe,male,33,2,1,A/5 21171,64.73576890402659,C85,Q
779,0,2,John Doe,female,65,4,4,A/5 21171,63.99678076543641,C85,Q
780,1,1,John Doe,female,53,0,0,A/5 21171,37.670342624130825,C85,C
781,1,2,John Doe,female,6,3,4,A/5 21171,36.97113288127475,C85,Q
782,1,2,John Doe,male,49,3,3,A/5 21171,97.604196118841,C85,Q
783,1,2,John Doe,female,2,0,1,A/5 21171,34.53344648835969,C85,Q
784,0,2,John Doe,female,5,2,4,A/5 21171,51.33942279605628,C85,Q
785,0,2,John Doe,female,18,1,1,A/5 21171,22.934580452563907,C85,C
786,0,3,John Doe,male,23,1,1,A/5 21171,46.08284412367384,C85,S
787,1,1,John Doe,male,60,0,3,A/5 21171,78.57632433315146,C85,Q
788,0,3,John Doe,male,11,4,4,A/5 21171,61.23874234991287,C85,Q
789,0,2,John Doe,female,28,4,0,A/5 21171,41.302529162523484,C85,C
790,0,3,John Doe,female,69,4,0,A/5 21171,65.26018851093855,C85,S
791,0,2,John Doe,female,78,4,4,A/5 21171,44.1991386963995,C85,Q
792,1,1,John Doe,female,71,3,4,A/5 21171,77.51714939264986,C85,C
793,0,2,John Doe,female,30,3,0,A/5 21171,55.199188934358745,C85,S
794,0,2,John Doe,male,77,2,4,A/5 21171,53.369083668264246,C85,C
795,0,3,John Doe,male,17,0,3,A/5 21171,91.76434467546916,C85,C
796,1,3,John Doe,female,2,3,4,A/5 21171,15.788555481646089,C85,C
797,0,3,John Doe,male,31,1,0,A/5 21171,64.00511544349831,C85,S
798,0,3,John Doe,female,32,1,4,A/5 21171,37.87243874088796,C85,C
799,0,3,John Doe,female,61,3,1,A/5 21171,44.12275149574313,C85,S
800,0,1,John Doe,male,29,3,2,A/5 21171,89.8156598353271,C85,C
801,1,1,John Doe,female,19,4,2,A/5 21171,36.708389610878655,C85,S
802,1,1,John Doe,male,76,1,1,A/5 21171,25.02349464546923,C85,C
803,1,3,John Doe,male,44,2,1,A/5 21171,61.92086963963054,C85,C
804,1,2,John Doe,female,5,3,1,A/5 21171,70.3655124405849,C85,Q
805,1,2,John Doe,male,30,0,4,A/5 21171,53.98764399191954,C85,C
806,0,3,John Doe,female,62,0,1,A/5 21171,20.967252349847723,C85,S
807,1,3,John Doe,male,13,1,0,A/5 21171,41.127851180272486,C85,Q
808,0,2,John Doe,female,21,3,2,A/5 21171,43.283237119410906,C85,S
809,1,2,John Doe,male,68,2,1,A/5 21171,22.325172306311657,C85,Q
810,1,1,John Doe,female,10,2,1,A/5 21171,95.15791932935657,C85,Q
811,0,1,John Doe,female,41,0,3,A/5 21171,82.33950411308415,C85,Q
812,0,3,John Doe,male,58,0,2,A/5 21171,44.04538520223769,C85,S
813,0,2,John Doe,male,55,4,3,A/5 21171,14.62362119731308,C85,Q
814,0,3,John Doe,female,51,3,2,A/5 21171,12.184883031543036,C85,S
815,1,2,John Doe,female,66,3,0,A/5 21171,34.5078618579401,C85,C
816,0,2,John Doe,male,55,3,3,A/5 21171,53.00431514578905,C85,C
817,0,1,John Doe,male,28,3,0,A/5 21171,50.98151746287084,C85,Q
818,0,1,John Doe,male,68,3,0,A/5 21171,96.87156931996171,C85,Q
819,0,2,John Doe,female,42,2,2,A/5 21171,73.69867394818553,C85,Q
820,1,2,John Doe,female,48,0,1,A/5 21171,27.72683276132291,C85,Q
821,1,1,John Doe,female,26,3,4,A/5 21171,33.11194984904938,C85,C
822,0,2,John Doe,male,48,1,2,A/5 21171,13.942443967838678,C85,Q
823,0,2,John Doe,female,28,1,4,A/5 21171,84.59210845547284,C85,S
824,1,2,John Doe,male,67,0,4,A/5 21171,11.546343677211105,C85,C
825,0,2,John Doe,male,35,3,4,A/5 21171,87.30267833231295,C85,Q
826,0,1,John Doe,female,27,0,4,A/5 21171,99.1944014424011,C85,S
827,1,2,John Doe,male,2,3,2,A/5 21171,69.56930940328716,C85,Q
828,1,3,John Doe,female,13,0,0,A/5 21171,59.92732624871839,C85,S
829,1,1,John Doe,female,75,2,2,A/5 21171,24.621722933137775,C85,Q
830,1,1,John Doe,male,29,0,3,A/5 21171,61.37612166891009,C85,C
831,1,3,John Doe,male,77,1,4,A/5 21171,12.635823874438168,C85,S
832,0,1,John Doe,female,58,0,1,A/5 21171,48.228788183516926,C85,Q
833,0,3,John Doe,female,25,2,3,A/5 21171,74.24321277804998,C85,S
834,1,2,John Doe,female,58,2,0,A/5 21171,60.617286185738855,C85,Q
835,0,1,John Doe,male,79,0,4,A/5 21171,48.24579415468214,C85,Q
836,1,1,John Doe,male,60,1,4,A/5 21171,48.47978981844718,C85,C
837,1,2,John Doe,male,77,3,0,A/5 21171,47.652999882469885,C85,C
838,0,3,John Doe,female,54,4,2,A/5 21171,53.49344636708556,C85,C
839,1,3,John Doe,female,75,0,3,A/5 21171,49.7450569384835,C85,Q
840,0,1,John Doe,male,27,0,0,A/5 21171,27.36440009791112,C85,S
841,1,3,John Doe,male,71,3,4,A/5 21171,55.426195323082574,C85,C
842,0,1,John Doe,male,47,2,1,A/5 21171,23.081298394165362,C85,Q
843,1,2,John Doe,male,30,1,1,A/5 21171,71.31100772047668,C85,S
844,1,1,John Doe,female,59,3,2,A/5 21171,16.062912184780913,C85,C
845,0,3,John Doe,male,5,2,1,A/5 21171,87.03770297103827,C85,C
846,1,1,John Doe,female,9,3,3,A/5 21171,97.98898897526203,C85,S
847,1,2,John Doe,female,61,0,0,A/5 21171,77.06561728731178,C85,C
848,1,2,John Doe,male,78,2,1,A/5 21171,75.30233104196137,C85,S
849,1,3,John Doe,male,44,4,4,A/5 21171,76.50653518747708,C85,Q
850,1,3,John Doe,female,29,3,4,A/5 21171,82.21972352292987,C85,Q
851,0,1,John Doe,male,70,2,2,A/5 21171,79.96230474596994,C85,S
852,1,2,John Doe,male,56,4,2,A/5 21171,61.18907285668974,C85,C
853,0,2,John Doe,male,55,0,0,A/5 21171,40.40092605475061,C85,C
854,1,2,John Doe,female,17,0,4,A/5 21171,80.82418394018055,C85,C
855,0,3,John Doe,female,31,1,2,A/5 21171,29.054695354065423,C85,C
856,0,1,John Doe,male,68,2,3,A/5 21171,33.97576416859687,C85,Q
857,0,1,John Doe,male,34,0,2,A/5 21171,75.7655500809288,C85,C
858,0,3,John Doe,male,57,4,3,A/5 21171,63.070110128470425,C85,Q
859,1,1,John Doe,female,18,1,0,A/5 21171,87.25979537671331,C85,S
860,1,3,John Doe,male,44,2,4,A/5 21171,80.85449234309318,C85,S
861,0,3,John Doe,male,23,3,0,A/5 21171,59.80936809698146,C85,S
862,1,3,John Doe,male,37,4,3,A/5 21171,79.74471312126386,C85,S
863,0,3,John Doe,male,15,1,2,A/5 21171,96.31178993923042,C85,S
864,1,1,John Doe,male,78,1,0,A/5 21171,78.17987805031092,C85,C
865,1,2,John Doe,female,46,2,0,A/5 21171,68.8444656306818,C85,S
866,0,1,John Doe,female,73,2,1,A/5 21171,38.146227304967525,C85,C
867,0,2,John Doe,male,45,2,1,A/5 21171,18.37799315430155,C85,S
868,1,1,John Doe,male,60,2,1,A/5 21171,88.66452954568634,C85,S
869,1,2,John Doe,female,29,0,0,A/5 21171,30.524597708674378,C85,C
870,0,1,John Doe,male,68,0,0,A/5 21171,23.376960602994657,C85,C
871,1,2,John Doe,male,54,0,2,A/5 21171,81.5419533811083,C85,S
872,0,1,John Doe,male,42,4,4,A/5 21171,83.95311527558853,C85,C
873,1,3,John Doe,male,65,3,2,A/5 21171,36.28824708813445,C85,S
874,0,3,John Doe,male,74,1,2,A/5 21171,33.598467120233096,C85,S
875,0,2,John Doe,male,23,0,1,A/5 21171,43.79637190733513,C85,Q
876,0,2,John Doe,male,8,4,4,A/5 21171,37.85578893415986,C85,Q
877,1,3,John Doe,male,70,1,1,A/5 21171,91.58954455651416,C85,S
878,0,1,John Doe,male,62,2,4,A/5 21171,30.852729879215932,C85,C
879,0,1,John Doe,female,43,1,2,A/5 21171,65.16407577403557,C85,S
880,0,3,John Doe,male,5,0,0,A/5 21171,49.55897198940303,C85,S
881,1,1,John Doe,female,2,4,3,A/5 21171,30.00310122376407,C85,S
882,1,2,John Doe,female,61,4,4,A/5 21171,55.100210327505266,C85,C
883,1,1,John Doe,male,8,0,3,A/5 21171,53.79646112627812,C85,Q
884,0,2,John Doe,male,27,1,4,A/5 21171,41.976753024218254,C85,S
885,1,3,John Doe,female,34,1,2,A/5 21171,21.83502895337896,C85,Q
886,0,2,John Doe,female,9,0,3,A/5 21171,35.20153470464568,C85,S
887,1,2,John Doe,female,33,1,0,A/5 21171,30.981084217550013,C85,S
888,1,1,John Doe,male,56,3,3,A/5 21171,34.61082100797702,C85,Q
889,1,3,John Doe,male,3,0,2,A/5 21171,73.04240879416801,C85,S
890,0,2,John Doe,male,32,4,0,A/5 21171,64.75668665453833,C85,S
891,0,3,John Doe,male,33,0,0,A/5 21171,67.79836806777558,C85,C
